number,name,Sequence,5-Methyl_Location,Modification,Location,Linkage,Linkage_Location
0,Region B,GTTACTGCCTTCTTAC,4?7?8?11?15/else,LNA/deoxy,0?15/else,phosphorothioate,else
1,Region B,GTTACTGCCTTCTTAC,4?7?8?11?15/else,LNA/deoxy,0?1?15/else,phosphorothioate,else
2,Region B,GTTACTGCCTTCTTAC,4?7?8?11?15/else,LNA/deoxy,0?2?15/else,phosphorothioate,else
3,Region B,GTTACTGCCTTCTTAC,4?7?8?11?15/else,LNA/deoxy,0?3?15/else,phosphorothioate,else
4,Region B,GTTACTGCCTTCTTAC,4?7?8?11?15/else,LNA/deoxy,0?4?15/else,phosphorothioate,else
5,Region B,GTTACTGCCTTCTTAC,4?7?8?11?15/else,LNA/deoxy,0?11?15/else,phosphorothioate,else
6,Region B,GTTACTGCCTTCTTAC,4?7?8?11?15/else,LNA/deoxy,0?12?15/else,phosphorothioate,else
7,Region B,GTTACTGCCTTCTTAC,4?7?8?11?15/else,LNA/deoxy,0?13?15/else,phosphorothioate,else
8,Region B,GTTACTGCCTTCTTAC,4?7?8?11?15/else,LNA/deoxy,0?14?15/else,phosphorothioate,else
9,Region B,GTTACTGCCTTCTTAC,4?7?8?11?15/else,LNA/deoxy,0?1?2?15/else,phosphorothioate,else
10,Region B,GTTACTGCCTTCTTAC,4?7?8?11?15/else,LNA/deoxy,0?1?3?15/else,phosphorothioate,else
11,Region B,GTTACTGCCTTCTTAC,4?7?8?11?15/else,LNA/deoxy,0?1?4?15/else,phosphorothioate,else
12,Region B,GTTACTGCCTTCTTAC,4?7?8?11?15/else,LNA/deoxy,0?1?11?15/else,phosphorothioate,else
13,Region B,GTTACTGCCTTCTTAC,4?7?8?11?15/else,LNA/deoxy,0?1?12?15/else,phosphorothioate,else
14,Region B,GTTACTGCCTTCTTAC,4?7?8?11?15/else,LNA/deoxy,0?1?13?15/else,phosphorothioate,else
15,Region B,GTTACTGCCTTCTTAC,4?7?8?11?15/else,LNA/deoxy,0?1?14?15/else,phosphorothioate,else
16,Region B,GTTACTGCCTTCTTAC,4?7?8?11?15/else,LNA/deoxy,0?2?3?15/else,phosphorothioate,else
17,Region B,GTTACTGCCTTCTTAC,4?7?8?11?15/else,LNA/deoxy,0?2?4?15/else,phosphorothioate,else
18,Region B,GTTACTGCCTTCTTAC,4?7?8?11?15/else,LNA/deoxy,0?2?11?15/else,phosphorothioate,else
19,Region B,GTTACTGCCTTCTTAC,4?7?8?11?15/else,LNA/deoxy,0?2?12?15/else,phosphorothioate,else
20,Region B,GTTACTGCCTTCTTAC,4?7?8?11?15/else,LNA/deoxy,0?2?13?15/else,phosphorothioate,else
21,Region B,GTTACTGCCTTCTTAC,4?7?8?11?15/else,LNA/deoxy,0?2?14?15/else,phosphorothioate,else
22,Region B,GTTACTGCCTTCTTAC,4?7?8?11?15/else,LNA/deoxy,0?3?4?15/else,phosphorothioate,else
23,Region B,GTTACTGCCTTCTTAC,4?7?8?11?15/else,LNA/deoxy,0?3?11?15/else,phosphorothioate,else
24,Region B,GTTACTGCCTTCTTAC,4?7?8?11?15/else,LNA/deoxy,0?3?12?15/else,phosphorothioate,else
25,Region B,GTTACTGCCTTCTTAC,4?7?8?11?15/else,LNA/deoxy,0?3?13?15/else,phosphorothioate,else
26,Region B,GTTACTGCCTTCTTAC,4?7?8?11?15/else,LNA/deoxy,0?3?14?15/else,phosphorothioate,else
27,Region B,GTTACTGCCTTCTTAC,4?7?8?11?15/else,LNA/deoxy,0?4?11?15/else,phosphorothioate,else
28,Region B,GTTACTGCCTTCTTAC,4?7?8?11?15/else,LNA/deoxy,0?4?12?15/else,phosphorothioate,else
29,Region B,GTTACTGCCTTCTTAC,4?7?8?11?15/else,LNA/deoxy,0?4?13?15/else,phosphorothioate,else
30,Region B,GTTACTGCCTTCTTAC,4?7?8?11?15/else,LNA/deoxy,0?4?14?15/else,phosphorothioate,else
31,Region B,GTTACTGCCTTCTTAC,4?7?8?11?15/else,LNA/deoxy,0?11?12?15/else,phosphorothioate,else
32,Region B,GTTACTGCCTTCTTAC,4?7?8?11?15/else,LNA/deoxy,0?11?13?15/else,phosphorothioate,else
33,Region B,GTTACTGCCTTCTTAC,4?7?8?11?15/else,LNA/deoxy,0?11?14?15/else,phosphorothioate,else
34,Region B,GTTACTGCCTTCTTAC,4?7?8?11?15/else,LNA/deoxy,0?12?13?15/else,phosphorothioate,else
35,Region B,GTTACTGCCTTCTTAC,4?7?8?11?15/else,LNA/deoxy,0?12?14?15/else,phosphorothioate,else
36,Region B,GTTACTGCCTTCTTAC,4?7?8?11?15/else,LNA/deoxy,0?13?14?15/else,phosphorothioate,else
37,Region B,GTTACTGCCTTCTTAC,4?7?8?11?15/else,LNA/deoxy,0?1?2?3?15/else,phosphorothioate,else
38,Region B,GTTACTGCCTTCTTAC,4?7?8?11?15/else,LNA/deoxy,0?1?2?4?15/else,phosphorothioate,else
39,Region B,GTTACTGCCTTCTTAC,4?7?8?11?15/else,LNA/deoxy,0?1?2?11?15/else,phosphorothioate,else
40,Region B,GTTACTGCCTTCTTAC,4?7?8?11?15/else,LNA/deoxy,0?1?2?12?15/else,phosphorothioate,else
41,Region B,GTTACTGCCTTCTTAC,4?7?8?11?15/else,LNA/deoxy,0?1?2?13?15/else,phosphorothioate,else
42,Region B,GTTACTGCCTTCTTAC,4?7?8?11?15/else,LNA/deoxy,0?1?2?14?15/else,phosphorothioate,else
43,Region B,GTTACTGCCTTCTTAC,4?7?8?11?15/else,LNA/deoxy,0?1?3?4?15/else,phosphorothioate,else
44,Region B,GTTACTGCCTTCTTAC,4?7?8?11?15/else,LNA/deoxy,0?1?3?11?15/else,phosphorothioate,else
45,Region B,GTTACTGCCTTCTTAC,4?7?8?11?15/else,LNA/deoxy,0?1?3?12?15/else,phosphorothioate,else
46,Region B,GTTACTGCCTTCTTAC,4?7?8?11?15/else,LNA/deoxy,0?1?3?13?15/else,phosphorothioate,else
47,Region B,GTTACTGCCTTCTTAC,4?7?8?11?15/else,LNA/deoxy,0?1?3?14?15/else,phosphorothioate,else
48,Region B,GTTACTGCCTTCTTAC,4?7?8?11?15/else,LNA/deoxy,0?1?4?11?15/else,phosphorothioate,else
49,Region B,GTTACTGCCTTCTTAC,4?7?8?11?15/else,LNA/deoxy,0?1?4?12?15/else,phosphorothioate,else
50,Region B,GTTACTGCCTTCTTAC,4?7?8?11?15/else,LNA/deoxy,0?1?4?13?15/else,phosphorothioate,else
51,Region B,GTTACTGCCTTCTTAC,4?7?8?11?15/else,LNA/deoxy,0?1?4?14?15/else,phosphorothioate,else
52,Region B,GTTACTGCCTTCTTAC,4?7?8?11?15/else,LNA/deoxy,0?1?11?12?15/else,phosphorothioate,else
53,Region B,GTTACTGCCTTCTTAC,4?7?8?11?15/else,LNA/deoxy,0?1?11?13?15/else,phosphorothioate,else
54,Region B,GTTACTGCCTTCTTAC,4?7?8?11?15/else,LNA/deoxy,0?1?11?14?15/else,phosphorothioate,else
55,Region B,GTTACTGCCTTCTTAC,4?7?8?11?15/else,LNA/deoxy,0?1?12?13?15/else,phosphorothioate,else
56,Region B,GTTACTGCCTTCTTAC,4?7?8?11?15/else,LNA/deoxy,0?1?12?14?15/else,phosphorothioate,else
57,Region B,GTTACTGCCTTCTTAC,4?7?8?11?15/else,LNA/deoxy,0?1?13?14?15/else,phosphorothioate,else
58,Region B,GTTACTGCCTTCTTAC,4?7?8?11?15/else,LNA/deoxy,0?2?3?4?15/else,phosphorothioate,else
59,Region B,GTTACTGCCTTCTTAC,4?7?8?11?15/else,LNA/deoxy,0?2?3?11?15/else,phosphorothioate,else
60,Region B,GTTACTGCCTTCTTAC,4?7?8?11?15/else,LNA/deoxy,0?2?3?12?15/else,phosphorothioate,else
61,Region B,GTTACTGCCTTCTTAC,4?7?8?11?15/else,LNA/deoxy,0?2?3?13?15/else,phosphorothioate,else
62,Region B,GTTACTGCCTTCTTAC,4?7?8?11?15/else,LNA/deoxy,0?2?3?14?15/else,phosphorothioate,else
63,Region B,GTTACTGCCTTCTTAC,4?7?8?11?15/else,LNA/deoxy,0?2?4?11?15/else,phosphorothioate,else
64,Region B,GTTACTGCCTTCTTAC,4?7?8?11?15/else,LNA/deoxy,0?2?4?12?15/else,phosphorothioate,else
65,Region B,GTTACTGCCTTCTTAC,4?7?8?11?15/else,LNA/deoxy,0?2?4?13?15/else,phosphorothioate,else
66,Region B,GTTACTGCCTTCTTAC,4?7?8?11?15/else,LNA/deoxy,0?2?4?14?15/else,phosphorothioate,else
67,Region B,GTTACTGCCTTCTTAC,4?7?8?11?15/else,LNA/deoxy,0?2?11?12?15/else,phosphorothioate,else
68,Region B,GTTACTGCCTTCTTAC,4?7?8?11?15/else,LNA/deoxy,0?2?11?13?15/else,phosphorothioate,else
69,Region B,GTTACTGCCTTCTTAC,4?7?8?11?15/else,LNA/deoxy,0?2?11?14?15/else,phosphorothioate,else
70,Region B,GTTACTGCCTTCTTAC,4?7?8?11?15/else,LNA/deoxy,0?2?12?13?15/else,phosphorothioate,else
71,Region B,GTTACTGCCTTCTTAC,4?7?8?11?15/else,LNA/deoxy,0?2?12?14?15/else,phosphorothioate,else
72,Region B,GTTACTGCCTTCTTAC,4?7?8?11?15/else,LNA/deoxy,0?2?13?14?15/else,phosphorothioate,else
73,Region B,GTTACTGCCTTCTTAC,4?7?8?11?15/else,LNA/deoxy,0?3?4?11?15/else,phosphorothioate,else
74,Region B,GTTACTGCCTTCTTAC,4?7?8?11?15/else,LNA/deoxy,0?3?4?12?15/else,phosphorothioate,else
75,Region B,GTTACTGCCTTCTTAC,4?7?8?11?15/else,LNA/deoxy,0?3?4?13?15/else,phosphorothioate,else
76,Region B,GTTACTGCCTTCTTAC,4?7?8?11?15/else,LNA/deoxy,0?3?4?14?15/else,phosphorothioate,else
77,Region B,GTTACTGCCTTCTTAC,4?7?8?11?15/else,LNA/deoxy,0?3?11?12?15/else,phosphorothioate,else
78,Region B,GTTACTGCCTTCTTAC,4?7?8?11?15/else,LNA/deoxy,0?3?11?13?15/else,phosphorothioate,else
79,Region B,GTTACTGCCTTCTTAC,4?7?8?11?15/else,LNA/deoxy,0?3?11?14?15/else,phosphorothioate,else
80,Region B,GTTACTGCCTTCTTAC,4?7?8?11?15/else,LNA/deoxy,0?3?12?13?15/else,phosphorothioate,else
81,Region B,GTTACTGCCTTCTTAC,4?7?8?11?15/else,LNA/deoxy,0?3?12?14?15/else,phosphorothioate,else
82,Region B,GTTACTGCCTTCTTAC,4?7?8?11?15/else,LNA/deoxy,0?3?13?14?15/else,phosphorothioate,else
83,Region B,GTTACTGCCTTCTTAC,4?7?8?11?15/else,LNA/deoxy,0?4?11?12?15/else,phosphorothioate,else
84,Region B,GTTACTGCCTTCTTAC,4?7?8?11?15/else,LNA/deoxy,0?4?11?13?15/else,phosphorothioate,else
85,Region B,GTTACTGCCTTCTTAC,4?7?8?11?15/else,LNA/deoxy,0?4?11?14?15/else,phosphorothioate,else
86,Region B,GTTACTGCCTTCTTAC,4?7?8?11?15/else,LNA/deoxy,0?4?12?13?15/else,phosphorothioate,else
87,Region B,GTTACTGCCTTCTTAC,4?7?8?11?15/else,LNA/deoxy,0?4?12?14?15/else,phosphorothioate,else
88,Region B,GTTACTGCCTTCTTAC,4?7?8?11?15/else,LNA/deoxy,0?4?13?14?15/else,phosphorothioate,else
89,Region B,GTTACTGCCTTCTTAC,4?7?8?11?15/else,LNA/deoxy,0?11?12?13?15/else,phosphorothioate,else
90,Region B,GTTACTGCCTTCTTAC,4?7?8?11?15/else,LNA/deoxy,0?11?12?14?15/else,phosphorothioate,else
91,Region B,GTTACTGCCTTCTTAC,4?7?8?11?15/else,LNA/deoxy,0?11?13?14?15/else,phosphorothioate,else
92,Region B,GTTACTGCCTTCTTAC,4?7?8?11?15/else,LNA/deoxy,0?12?13?14?15/else,phosphorothioate,else
93,Region B,GTTACTGCCTTCTTAC,4?7?8?11?15/else,LNA/deoxy,0?1?2?3?4?15/else,phosphorothioate,else
94,Region B,GTTACTGCCTTCTTAC,4?7?8?11?15/else,LNA/deoxy,0?1?2?3?11?15/else,phosphorothioate,else
95,Region B,GTTACTGCCTTCTTAC,4?7?8?11?15/else,LNA/deoxy,0?1?2?3?12?15/else,phosphorothioate,else
96,Region B,GTTACTGCCTTCTTAC,4?7?8?11?15/else,LNA/deoxy,0?1?2?3?13?15/else,phosphorothioate,else
97,Region B,GTTACTGCCTTCTTAC,4?7?8?11?15/else,LNA/deoxy,0?1?2?3?14?15/else,phosphorothioate,else
98,Region B,GTTACTGCCTTCTTAC,4?7?8?11?15/else,LNA/deoxy,0?1?2?4?11?15/else,phosphorothioate,else
99,Region B,GTTACTGCCTTCTTAC,4?7?8?11?15/else,LNA/deoxy,0?1?2?4?12?15/else,phosphorothioate,else
100,Region B,GTTACTGCCTTCTTAC,4?7?8?11?15/else,LNA/deoxy,0?1?2?4?13?15/else,phosphorothioate,else
101,Region B,GTTACTGCCTTCTTAC,4?7?8?11?15/else,LNA/deoxy,0?1?2?4?14?15/else,phosphorothioate,else
102,Region B,GTTACTGCCTTCTTAC,4?7?8?11?15/else,LNA/deoxy,0?1?2?11?12?15/else,phosphorothioate,else
103,Region B,GTTACTGCCTTCTTAC,4?7?8?11?15/else,LNA/deoxy,0?1?2?11?13?15/else,phosphorothioate,else
104,Region B,GTTACTGCCTTCTTAC,4?7?8?11?15/else,LNA/deoxy,0?1?2?11?14?15/else,phosphorothioate,else
105,Region B,GTTACTGCCTTCTTAC,4?7?8?11?15/else,LNA/deoxy,0?1?2?12?13?15/else,phosphorothioate,else
106,Region B,GTTACTGCCTTCTTAC,4?7?8?11?15/else,LNA/deoxy,0?1?2?12?14?15/else,phosphorothioate,else
107,Region B,GTTACTGCCTTCTTAC,4?7?8?11?15/else,LNA/deoxy,0?1?2?13?14?15/else,phosphorothioate,else
108,Region B,GTTACTGCCTTCTTAC,4?7?8?11?15/else,LNA/deoxy,0?1?3?4?11?15/else,phosphorothioate,else
109,Region B,GTTACTGCCTTCTTAC,4?7?8?11?15/else,LNA/deoxy,0?1?3?4?12?15/else,phosphorothioate,else
110,Region B,GTTACTGCCTTCTTAC,4?7?8?11?15/else,LNA/deoxy,0?1?3?4?13?15/else,phosphorothioate,else
111,Region B,GTTACTGCCTTCTTAC,4?7?8?11?15/else,LNA/deoxy,0?1?3?4?14?15/else,phosphorothioate,else
112,Region B,GTTACTGCCTTCTTAC,4?7?8?11?15/else,LNA/deoxy,0?1?3?11?12?15/else,phosphorothioate,else
113,Region B,GTTACTGCCTTCTTAC,4?7?8?11?15/else,LNA/deoxy,0?1?3?11?13?15/else,phosphorothioate,else
114,Region B,GTTACTGCCTTCTTAC,4?7?8?11?15/else,LNA/deoxy,0?1?3?11?14?15/else,phosphorothioate,else
115,Region B,GTTACTGCCTTCTTAC,4?7?8?11?15/else,LNA/deoxy,0?1?3?12?13?15/else,phosphorothioate,else
116,Region B,GTTACTGCCTTCTTAC,4?7?8?11?15/else,LNA/deoxy,0?1?3?12?14?15/else,phosphorothioate,else
117,Region B,GTTACTGCCTTCTTAC,4?7?8?11?15/else,LNA/deoxy,0?1?3?13?14?15/else,phosphorothioate,else
118,Region B,GTTACTGCCTTCTTAC,4?7?8?11?15/else,LNA/deoxy,0?1?4?11?12?15/else,phosphorothioate,else
119,Region B,GTTACTGCCTTCTTAC,4?7?8?11?15/else,LNA/deoxy,0?1?4?11?13?15/else,phosphorothioate,else
120,Region B,GTTACTGCCTTCTTAC,4?7?8?11?15/else,LNA/deoxy,0?1?4?11?14?15/else,phosphorothioate,else
121,Region B,GTTACTGCCTTCTTAC,4?7?8?11?15/else,LNA/deoxy,0?1?4?12?13?15/else,phosphorothioate,else
122,Region B,GTTACTGCCTTCTTAC,4?7?8?11?15/else,LNA/deoxy,0?1?4?12?14?15/else,phosphorothioate,else
123,Region B,GTTACTGCCTTCTTAC,4?7?8?11?15/else,LNA/deoxy,0?1?4?13?14?15/else,phosphorothioate,else
124,Region B,GTTACTGCCTTCTTAC,4?7?8?11?15/else,LNA/deoxy,0?1?11?12?13?15/else,phosphorothioate,else
125,Region B,GTTACTGCCTTCTTAC,4?7?8?11?15/else,LNA/deoxy,0?1?11?12?14?15/else,phosphorothioate,else
126,Region B,GTTACTGCCTTCTTAC,4?7?8?11?15/else,LNA/deoxy,0?1?11?13?14?15/else,phosphorothioate,else
127,Region B,GTTACTGCCTTCTTAC,4?7?8?11?15/else,LNA/deoxy,0?1?12?13?14?15/else,phosphorothioate,else
128,Region B,GTTACTGCCTTCTTAC,4?7?8?11?15/else,LNA/deoxy,0?2?3?4?11?15/else,phosphorothioate,else
129,Region B,GTTACTGCCTTCTTAC,4?7?8?11?15/else,LNA/deoxy,0?2?3?4?12?15/else,phosphorothioate,else
130,Region B,GTTACTGCCTTCTTAC,4?7?8?11?15/else,LNA/deoxy,0?2?3?4?13?15/else,phosphorothioate,else
131,Region B,GTTACTGCCTTCTTAC,4?7?8?11?15/else,LNA/deoxy,0?2?3?4?14?15/else,phosphorothioate,else
132,Region B,GTTACTGCCTTCTTAC,4?7?8?11?15/else,LNA/deoxy,0?2?3?11?12?15/else,phosphorothioate,else
133,Region B,GTTACTGCCTTCTTAC,4?7?8?11?15/else,LNA/deoxy,0?2?3?11?13?15/else,phosphorothioate,else
134,Region B,GTTACTGCCTTCTTAC,4?7?8?11?15/else,LNA/deoxy,0?2?3?11?14?15/else,phosphorothioate,else
135,Region B,GTTACTGCCTTCTTAC,4?7?8?11?15/else,LNA/deoxy,0?2?3?12?13?15/else,phosphorothioate,else
136,Region B,GTTACTGCCTTCTTAC,4?7?8?11?15/else,LNA/deoxy,0?2?3?12?14?15/else,phosphorothioate,else
137,Region B,GTTACTGCCTTCTTAC,4?7?8?11?15/else,LNA/deoxy,0?2?3?13?14?15/else,phosphorothioate,else
138,Region B,GTTACTGCCTTCTTAC,4?7?8?11?15/else,LNA/deoxy,0?2?4?11?12?15/else,phosphorothioate,else
139,Region B,GTTACTGCCTTCTTAC,4?7?8?11?15/else,LNA/deoxy,0?2?4?11?13?15/else,phosphorothioate,else
140,Region B,GTTACTGCCTTCTTAC,4?7?8?11?15/else,LNA/deoxy,0?2?4?11?14?15/else,phosphorothioate,else
141,Region B,GTTACTGCCTTCTTAC,4?7?8?11?15/else,LNA/deoxy,0?2?4?12?13?15/else,phosphorothioate,else
142,Region B,GTTACTGCCTTCTTAC,4?7?8?11?15/else,LNA/deoxy,0?2?4?12?14?15/else,phosphorothioate,else
143,Region B,GTTACTGCCTTCTTAC,4?7?8?11?15/else,LNA/deoxy,0?2?4?13?14?15/else,phosphorothioate,else
144,Region B,GTTACTGCCTTCTTAC,4?7?8?11?15/else,LNA/deoxy,0?2?11?12?13?15/else,phosphorothioate,else
145,Region B,GTTACTGCCTTCTTAC,4?7?8?11?15/else,LNA/deoxy,0?2?11?12?14?15/else,phosphorothioate,else
146,Region B,GTTACTGCCTTCTTAC,4?7?8?11?15/else,LNA/deoxy,0?2?11?13?14?15/else,phosphorothioate,else
147,Region B,GTTACTGCCTTCTTAC,4?7?8?11?15/else,LNA/deoxy,0?2?12?13?14?15/else,phosphorothioate,else
148,Region B,GTTACTGCCTTCTTAC,4?7?8?11?15/else,LNA/deoxy,0?3?4?11?12?15/else,phosphorothioate,else
149,Region B,GTTACTGCCTTCTTAC,4?7?8?11?15/else,LNA/deoxy,0?3?4?11?13?15/else,phosphorothioate,else
150,Region B,GTTACTGCCTTCTTAC,4?7?8?11?15/else,LNA/deoxy,0?3?4?11?14?15/else,phosphorothioate,else
151,Region B,GTTACTGCCTTCTTAC,4?7?8?11?15/else,LNA/deoxy,0?3?4?12?13?15/else,phosphorothioate,else
152,Region B,GTTACTGCCTTCTTAC,4?7?8?11?15/else,LNA/deoxy,0?3?4?12?14?15/else,phosphorothioate,else
153,Region B,GTTACTGCCTTCTTAC,4?7?8?11?15/else,LNA/deoxy,0?3?4?13?14?15/else,phosphorothioate,else
154,Region B,GTTACTGCCTTCTTAC,4?7?8?11?15/else,LNA/deoxy,0?3?11?12?13?15/else,phosphorothioate,else
155,Region B,GTTACTGCCTTCTTAC,4?7?8?11?15/else,LNA/deoxy,0?3?11?12?14?15/else,phosphorothioate,else
156,Region B,GTTACTGCCTTCTTAC,4?7?8?11?15/else,LNA/deoxy,0?3?11?13?14?15/else,phosphorothioate,else
157,Region B,GTTACTGCCTTCTTAC,4?7?8?11?15/else,LNA/deoxy,0?3?12?13?14?15/else,phosphorothioate,else
158,Region B,GTTACTGCCTTCTTAC,4?7?8?11?15/else,LNA/deoxy,0?4?11?12?13?15/else,phosphorothioate,else
159,Region B,GTTACTGCCTTCTTAC,4?7?8?11?15/else,LNA/deoxy,0?4?11?12?14?15/else,phosphorothioate,else
160,Region B,GTTACTGCCTTCTTAC,4?7?8?11?15/else,LNA/deoxy,0?4?11?13?14?15/else,phosphorothioate,else
161,Region B,GTTACTGCCTTCTTAC,4?7?8?11?15/else,LNA/deoxy,0?4?12?13?14?15/else,phosphorothioate,else
162,Region B,GTTACTGCCTTCTTAC,4?7?8?11?15/else,LNA/deoxy,0?11?12?13?14?15/else,phosphorothioate,else
163,Region B,GTTACTGCCTTCTTAC,4?7?8?11?15/else,LNA/deoxy,0?1?2?3?4?11?15/else,phosphorothioate,else
164,Region B,GTTACTGCCTTCTTAC,4?7?8?11?15/else,LNA/deoxy,0?1?2?3?4?12?15/else,phosphorothioate,else
165,Region B,GTTACTGCCTTCTTAC,4?7?8?11?15/else,LNA/deoxy,0?1?2?3?4?13?15/else,phosphorothioate,else
166,Region B,GTTACTGCCTTCTTAC,4?7?8?11?15/else,LNA/deoxy,0?1?2?3?4?14?15/else,phosphorothioate,else
167,Region B,GTTACTGCCTTCTTAC,4?7?8?11?15/else,LNA/deoxy,0?1?2?3?11?12?15/else,phosphorothioate,else
168,Region B,GTTACTGCCTTCTTAC,4?7?8?11?15/else,LNA/deoxy,0?1?2?3?11?13?15/else,phosphorothioate,else
169,Region B,GTTACTGCCTTCTTAC,4?7?8?11?15/else,LNA/deoxy,0?1?2?3?11?14?15/else,phosphorothioate,else
170,Region B,GTTACTGCCTTCTTAC,4?7?8?11?15/else,LNA/deoxy,0?1?2?3?12?13?15/else,phosphorothioate,else
171,Region B,GTTACTGCCTTCTTAC,4?7?8?11?15/else,LNA/deoxy,0?1?2?3?12?14?15/else,phosphorothioate,else
172,Region B,GTTACTGCCTTCTTAC,4?7?8?11?15/else,LNA/deoxy,0?1?2?3?13?14?15/else,phosphorothioate,else
173,Region B,GTTACTGCCTTCTTAC,4?7?8?11?15/else,LNA/deoxy,0?1?2?4?11?12?15/else,phosphorothioate,else
174,Region B,GTTACTGCCTTCTTAC,4?7?8?11?15/else,LNA/deoxy,0?1?2?4?11?13?15/else,phosphorothioate,else
175,Region B,GTTACTGCCTTCTTAC,4?7?8?11?15/else,LNA/deoxy,0?1?2?4?11?14?15/else,phosphorothioate,else
176,Region B,GTTACTGCCTTCTTAC,4?7?8?11?15/else,LNA/deoxy,0?1?2?4?12?13?15/else,phosphorothioate,else
177,Region B,GTTACTGCCTTCTTAC,4?7?8?11?15/else,LNA/deoxy,0?1?2?4?12?14?15/else,phosphorothioate,else
178,Region B,GTTACTGCCTTCTTAC,4?7?8?11?15/else,LNA/deoxy,0?1?2?4?13?14?15/else,phosphorothioate,else
179,Region B,GTTACTGCCTTCTTAC,4?7?8?11?15/else,LNA/deoxy,0?1?2?11?12?13?15/else,phosphorothioate,else
180,Region B,GTTACTGCCTTCTTAC,4?7?8?11?15/else,LNA/deoxy,0?1?2?11?12?14?15/else,phosphorothioate,else
181,Region B,GTTACTGCCTTCTTAC,4?7?8?11?15/else,LNA/deoxy,0?1?2?11?13?14?15/else,phosphorothioate,else
182,Region B,GTTACTGCCTTCTTAC,4?7?8?11?15/else,LNA/deoxy,0?1?2?12?13?14?15/else,phosphorothioate,else
183,Region B,GTTACTGCCTTCTTAC,4?7?8?11?15/else,LNA/deoxy,0?1?3?4?11?12?15/else,phosphorothioate,else
184,Region B,GTTACTGCCTTCTTAC,4?7?8?11?15/else,LNA/deoxy,0?1?3?4?11?13?15/else,phosphorothioate,else
185,Region B,GTTACTGCCTTCTTAC,4?7?8?11?15/else,LNA/deoxy,0?1?3?4?11?14?15/else,phosphorothioate,else
186,Region B,GTTACTGCCTTCTTAC,4?7?8?11?15/else,LNA/deoxy,0?1?3?4?12?13?15/else,phosphorothioate,else
187,Region B,GTTACTGCCTTCTTAC,4?7?8?11?15/else,LNA/deoxy,0?1?3?4?12?14?15/else,phosphorothioate,else
188,Region B,GTTACTGCCTTCTTAC,4?7?8?11?15/else,LNA/deoxy,0?1?3?4?13?14?15/else,phosphorothioate,else
189,Region B,GTTACTGCCTTCTTAC,4?7?8?11?15/else,LNA/deoxy,0?1?3?11?12?13?15/else,phosphorothioate,else
190,Region B,GTTACTGCCTTCTTAC,4?7?8?11?15/else,LNA/deoxy,0?1?3?11?12?14?15/else,phosphorothioate,else
191,Region B,GTTACTGCCTTCTTAC,4?7?8?11?15/else,LNA/deoxy,0?1?3?11?13?14?15/else,phosphorothioate,else
192,Region B,GTTACTGCCTTCTTAC,4?7?8?11?15/else,LNA/deoxy,0?1?3?12?13?14?15/else,phosphorothioate,else
193,Region B,GTTACTGCCTTCTTAC,4?7?8?11?15/else,LNA/deoxy,0?1?4?11?12?13?15/else,phosphorothioate,else
194,Region B,GTTACTGCCTTCTTAC,4?7?8?11?15/else,LNA/deoxy,0?1?4?11?12?14?15/else,phosphorothioate,else
195,Region B,GTTACTGCCTTCTTAC,4?7?8?11?15/else,LNA/deoxy,0?1?4?11?13?14?15/else,phosphorothioate,else
196,Region B,GTTACTGCCTTCTTAC,4?7?8?11?15/else,LNA/deoxy,0?1?4?12?13?14?15/else,phosphorothioate,else
197,Region B,GTTACTGCCTTCTTAC,4?7?8?11?15/else,LNA/deoxy,0?1?11?12?13?14?15/else,phosphorothioate,else
198,Region B,GTTACTGCCTTCTTAC,4?7?8?11?15/else,LNA/deoxy,0?2?3?4?11?12?15/else,phosphorothioate,else
199,Region B,GTTACTGCCTTCTTAC,4?7?8?11?15/else,LNA/deoxy,0?2?3?4?11?13?15/else,phosphorothioate,else
200,Region B,GTTACTGCCTTCTTAC,4?7?8?11?15/else,LNA/deoxy,0?2?3?4?11?14?15/else,phosphorothioate,else
201,Region B,GTTACTGCCTTCTTAC,4?7?8?11?15/else,LNA/deoxy,0?2?3?4?12?13?15/else,phosphorothioate,else
202,Region B,GTTACTGCCTTCTTAC,4?7?8?11?15/else,LNA/deoxy,0?2?3?4?12?14?15/else,phosphorothioate,else
203,Region B,GTTACTGCCTTCTTAC,4?7?8?11?15/else,LNA/deoxy,0?2?3?4?13?14?15/else,phosphorothioate,else
204,Region B,GTTACTGCCTTCTTAC,4?7?8?11?15/else,LNA/deoxy,0?2?3?11?12?13?15/else,phosphorothioate,else
205,Region B,GTTACTGCCTTCTTAC,4?7?8?11?15/else,LNA/deoxy,0?2?3?11?12?14?15/else,phosphorothioate,else
206,Region B,GTTACTGCCTTCTTAC,4?7?8?11?15/else,LNA/deoxy,0?2?3?11?13?14?15/else,phosphorothioate,else
207,Region B,GTTACTGCCTTCTTAC,4?7?8?11?15/else,LNA/deoxy,0?2?3?12?13?14?15/else,phosphorothioate,else
208,Region B,GTTACTGCCTTCTTAC,4?7?8?11?15/else,LNA/deoxy,0?2?4?11?12?13?15/else,phosphorothioate,else
209,Region B,GTTACTGCCTTCTTAC,4?7?8?11?15/else,LNA/deoxy,0?2?4?11?12?14?15/else,phosphorothioate,else
210,Region B,GTTACTGCCTTCTTAC,4?7?8?11?15/else,LNA/deoxy,0?2?4?11?13?14?15/else,phosphorothioate,else
211,Region B,GTTACTGCCTTCTTAC,4?7?8?11?15/else,LNA/deoxy,0?2?4?12?13?14?15/else,phosphorothioate,else
212,Region B,GTTACTGCCTTCTTAC,4?7?8?11?15/else,LNA/deoxy,0?2?11?12?13?14?15/else,phosphorothioate,else
213,Region B,GTTACTGCCTTCTTAC,4?7?8?11?15/else,LNA/deoxy,0?3?4?11?12?13?15/else,phosphorothioate,else
214,Region B,GTTACTGCCTTCTTAC,4?7?8?11?15/else,LNA/deoxy,0?3?4?11?12?14?15/else,phosphorothioate,else
215,Region B,GTTACTGCCTTCTTAC,4?7?8?11?15/else,LNA/deoxy,0?3?4?11?13?14?15/else,phosphorothioate,else
216,Region B,GTTACTGCCTTCTTAC,4?7?8?11?15/else,LNA/deoxy,0?3?4?12?13?14?15/else,phosphorothioate,else
217,Region B,GTTACTGCCTTCTTAC,4?7?8?11?15/else,LNA/deoxy,0?3?11?12?13?14?15/else,phosphorothioate,else
218,Region B,GTTACTGCCTTCTTAC,4?7?8?11?15/else,LNA/deoxy,0?4?11?12?13?14?15/else,phosphorothioate,else
219,Region B,GTTACTGCCTTCTTAC,4?7?8?11?15/else,LNA/deoxy,0?1?2?3?4?11?12?15/else,phosphorothioate,else
220,Region B,GTTACTGCCTTCTTAC,4?7?8?11?15/else,LNA/deoxy,0?1?2?3?4?11?13?15/else,phosphorothioate,else
221,Region B,GTTACTGCCTTCTTAC,4?7?8?11?15/else,LNA/deoxy,0?1?2?3?4?11?14?15/else,phosphorothioate,else
222,Region B,GTTACTGCCTTCTTAC,4?7?8?11?15/else,LNA/deoxy,0?1?2?3?4?12?13?15/else,phosphorothioate,else
223,Region B,GTTACTGCCTTCTTAC,4?7?8?11?15/else,LNA/deoxy,0?1?2?3?4?12?14?15/else,phosphorothioate,else
224,Region B,GTTACTGCCTTCTTAC,4?7?8?11?15/else,LNA/deoxy,0?1?2?3?4?13?14?15/else,phosphorothioate,else
225,Region B,GTTACTGCCTTCTTAC,4?7?8?11?15/else,LNA/deoxy,0?1?2?3?11?12?13?15/else,phosphorothioate,else
226,Region B,GTTACTGCCTTCTTAC,4?7?8?11?15/else,LNA/deoxy,0?1?2?3?11?12?14?15/else,phosphorothioate,else
227,Region B,GTTACTGCCTTCTTAC,4?7?8?11?15/else,LNA/deoxy,0?1?2?3?11?13?14?15/else,phosphorothioate,else
228,Region B,GTTACTGCCTTCTTAC,4?7?8?11?15/else,LNA/deoxy,0?1?2?3?12?13?14?15/else,phosphorothioate,else
229,Region B,GTTACTGCCTTCTTAC,4?7?8?11?15/else,LNA/deoxy,0?1?2?4?11?12?13?15/else,phosphorothioate,else
230,Region B,GTTACTGCCTTCTTAC,4?7?8?11?15/else,LNA/deoxy,0?1?2?4?11?12?14?15/else,phosphorothioate,else
231,Region B,GTTACTGCCTTCTTAC,4?7?8?11?15/else,LNA/deoxy,0?1?2?4?11?13?14?15/else,phosphorothioate,else
232,Region B,GTTACTGCCTTCTTAC,4?7?8?11?15/else,LNA/deoxy,0?1?2?4?12?13?14?15/else,phosphorothioate,else
233,Region B,GTTACTGCCTTCTTAC,4?7?8?11?15/else,LNA/deoxy,0?1?2?11?12?13?14?15/else,phosphorothioate,else
234,Region B,GTTACTGCCTTCTTAC,4?7?8?11?15/else,LNA/deoxy,0?1?3?4?11?12?13?15/else,phosphorothioate,else
235,Region B,GTTACTGCCTTCTTAC,4?7?8?11?15/else,LNA/deoxy,0?1?3?4?11?12?14?15/else,phosphorothioate,else
236,Region B,GTTACTGCCTTCTTAC,4?7?8?11?15/else,LNA/deoxy,0?1?3?4?11?13?14?15/else,phosphorothioate,else
237,Region B,GTTACTGCCTTCTTAC,4?7?8?11?15/else,LNA/deoxy,0?1?3?4?12?13?14?15/else,phosphorothioate,else
238,Region B,GTTACTGCCTTCTTAC,4?7?8?11?15/else,LNA/deoxy,0?1?3?11?12?13?14?15/else,phosphorothioate,else
239,Region B,GTTACTGCCTTCTTAC,4?7?8?11?15/else,LNA/deoxy,0?1?4?11?12?13?14?15/else,phosphorothioate,else
240,Region B,GTTACTGCCTTCTTAC,4?7?8?11?15/else,LNA/deoxy,0?2?3?4?11?12?13?15/else,phosphorothioate,else
241,Region B,GTTACTGCCTTCTTAC,4?7?8?11?15/else,LNA/deoxy,0?2?3?4?11?12?14?15/else,phosphorothioate,else
242,Region B,GTTACTGCCTTCTTAC,4?7?8?11?15/else,LNA/deoxy,0?2?3?4?11?13?14?15/else,phosphorothioate,else
243,Region B,GTTACTGCCTTCTTAC,4?7?8?11?15/else,LNA/deoxy,0?2?3?4?12?13?14?15/else,phosphorothioate,else
244,Region B,GTTACTGCCTTCTTAC,4?7?8?11?15/else,LNA/deoxy,0?2?3?11?12?13?14?15/else,phosphorothioate,else
245,Region B,GTTACTGCCTTCTTAC,4?7?8?11?15/else,LNA/deoxy,0?2?4?11?12?13?14?15/else,phosphorothioate,else
246,Region B,GTTACTGCCTTCTTAC,4?7?8?11?15/else,LNA/deoxy,0?3?4?11?12?13?14?15/else,phosphorothioate,else
247,Region B,GTTACTGCCTTCTTAC,4?7?8?11?15/else,LNA/deoxy,0?1?2?3?4?11?12?13?15/else,phosphorothioate,else
248,Region B,GTTACTGCCTTCTTAC,4?7?8?11?15/else,LNA/deoxy,0?1?2?3?4?11?12?14?15/else,phosphorothioate,else
249,Region B,GTTACTGCCTTCTTAC,4?7?8?11?15/else,LNA/deoxy,0?1?2?3?4?11?13?14?15/else,phosphorothioate,else
250,Region B,GTTACTGCCTTCTTAC,4?7?8?11?15/else,LNA/deoxy,0?1?2?3?4?12?13?14?15/else,phosphorothioate,else
251,Region B,GTTACTGCCTTCTTAC,4?7?8?11?15/else,LNA/deoxy,0?1?2?3?11?12?13?14?15/else,phosphorothioate,else
252,Region B,GTTACTGCCTTCTTAC,4?7?8?11?15/else,LNA/deoxy,0?1?2?4?11?12?13?14?15/else,phosphorothioate,else
253,Region B,GTTACTGCCTTCTTAC,4?7?8?11?15/else,LNA/deoxy,0?1?3?4?11?12?13?14?15/else,phosphorothioate,else
254,Region B,GTTACTGCCTTCTTAC,4?7?8?11?15/else,LNA/deoxy,0?2?3?4?11?12?13?14?15/else,phosphorothioate,else
255,Region B,GTTACTGCCTTCTTAC,4?7?8?11?15/else,LNA/deoxy,0?1?2?3?4?11?12?13?14?15/else,phosphorothioate,else
