number,name,Sequence,5-Methyl_Location,Modification,Location,Linkage,Linkage_Location,preds
162,Region B,GTTACTGCCTTCTTAC,4?7?8?11?15/else,LNA/deoxy,0?11?12?13?14?15/else,phosphorothioate,else,0.5237090999999999
89,Region B,GTTACTGCCTTCTTAC,4?7?8?11?15/else,LNA/deoxy,0?11?12?13?15/else,phosphorothioate,else,0.49619463
90,Region B,GTTACTGCCTTCTTAC,4?7?8?11?15/else,LNA/deoxy,0?11?12?14?15/else,phosphorothioate,else,0.559769
31,Region B,GTTACTGCCTTCTTAC,4?7?8?11?15/else,LNA/deoxy,0?11?12?15/else,phosphorothioate,else,0.49682543
91,Region B,GTTACTGCCTTCTTAC,4?7?8?11?15/else,LNA/deoxy,0?11?13?14?15/else,phosphorothioate,else,0.5872906999999999
32,Region B,GTTACTGCCTTCTTAC,4?7?8?11?15/else,LNA/deoxy,0?11?13?15/else,phosphorothioate,else,0.49962276
33,Region B,GTTACTGCCTTCTTAC,4?7?8?11?15/else,LNA/deoxy,0?11?14?15/else,phosphorothioate,else,0.51755357
5,Region B,GTTACTGCCTTCTTAC,4?7?8?11?15/else,LNA/deoxy,0?11?15/else,phosphorothioate,else,0.39951673
92,Region B,GTTACTGCCTTCTTAC,4?7?8?11?15/else,LNA/deoxy,0?12?13?14?15/else,phosphorothioate,else,0.5011002
34,Region B,GTTACTGCCTTCTTAC,4?7?8?11?15/else,LNA/deoxy,0?12?13?15/else,phosphorothioate,else,0.47889197
35,Region B,GTTACTGCCTTCTTAC,4?7?8?11?15/else,LNA/deoxy,0?12?14?15/else,phosphorothioate,else,0.48946604
6,Region B,GTTACTGCCTTCTTAC,4?7?8?11?15/else,LNA/deoxy,0?12?15/else,phosphorothioate,else,0.40158048
36,Region B,GTTACTGCCTTCTTAC,4?7?8?11?15/else,LNA/deoxy,0?13?14?15/else,phosphorothioate,else,0.41445228
7,Region B,GTTACTGCCTTCTTAC,4?7?8?11?15/else,LNA/deoxy,0?13?15/else,phosphorothioate,else,0.3557338
8,Region B,GTTACTGCCTTCTTAC,4?7?8?11?15/else,LNA/deoxy,0?14?15/else,phosphorothioate,else,0.2823413
0,Region B,GTTACTGCCTTCTTAC,4?7?8?11?15/else,LNA/deoxy,0?15/else,phosphorothioate,else,0.1718428
197,Region B,GTTACTGCCTTCTTAC,4?7?8?11?15/else,LNA/deoxy,0?1?11?12?13?14?15/else,phosphorothioate,else,0.5104424
124,Region B,GTTACTGCCTTCTTAC,4?7?8?11?15/else,LNA/deoxy,0?1?11?12?13?15/else,phosphorothioate,else,0.49573338
125,Region B,GTTACTGCCTTCTTAC,4?7?8?11?15/else,LNA/deoxy,0?1?11?12?14?15/else,phosphorothioate,else,0.5567222
52,Region B,GTTACTGCCTTCTTAC,4?7?8?11?15/else,LNA/deoxy,0?1?11?12?15/else,phosphorothioate,else,0.52837306
126,Region B,GTTACTGCCTTCTTAC,4?7?8?11?15/else,LNA/deoxy,0?1?11?13?14?15/else,phosphorothioate,else,0.5863534
53,Region B,GTTACTGCCTTCTTAC,4?7?8?11?15/else,LNA/deoxy,0?1?11?13?15/else,phosphorothioate,else,0.5257126
54,Region B,GTTACTGCCTTCTTAC,4?7?8?11?15/else,LNA/deoxy,0?1?11?14?15/else,phosphorothioate,else,0.5456363000000001
12,Region B,GTTACTGCCTTCTTAC,4?7?8?11?15/else,LNA/deoxy,0?1?11?15/else,phosphorothioate,else,0.46003568
127,Region B,GTTACTGCCTTCTTAC,4?7?8?11?15/else,LNA/deoxy,0?1?12?13?14?15/else,phosphorothioate,else,0.5247436
55,Region B,GTTACTGCCTTCTTAC,4?7?8?11?15/else,LNA/deoxy,0?1?12?13?15/else,phosphorothioate,else,0.50802654
56,Region B,GTTACTGCCTTCTTAC,4?7?8?11?15/else,LNA/deoxy,0?1?12?14?15/else,phosphorothioate,else,0.5218751
13,Region B,GTTACTGCCTTCTTAC,4?7?8?11?15/else,LNA/deoxy,0?1?12?15/else,phosphorothioate,else,0.46177274
57,Region B,GTTACTGCCTTCTTAC,4?7?8?11?15/else,LNA/deoxy,0?1?13?14?15/else,phosphorothioate,else,0.48058096
14,Region B,GTTACTGCCTTCTTAC,4?7?8?11?15/else,LNA/deoxy,0?1?13?15/else,phosphorothioate,else,0.43090093
15,Region B,GTTACTGCCTTCTTAC,4?7?8?11?15/else,LNA/deoxy,0?1?14?15/else,phosphorothioate,else,0.37178743
1,Region B,GTTACTGCCTTCTTAC,4?7?8?11?15/else,LNA/deoxy,0?1?15/else,phosphorothioate,else,0.25978237
233,Region B,GTTACTGCCTTCTTAC,4?7?8?11?15/else,LNA/deoxy,0?1?2?11?12?13?14?15/else,phosphorothioate,else,0.43961325
179,Region B,GTTACTGCCTTCTTAC,4?7?8?11?15/else,LNA/deoxy,0?1?2?11?12?13?15/else,phosphorothioate,else,0.4461403000000001
180,Region B,GTTACTGCCTTCTTAC,4?7?8?11?15/else,LNA/deoxy,0?1?2?11?12?14?15/else,phosphorothioate,else,0.49313
102,Region B,GTTACTGCCTTCTTAC,4?7?8?11?15/else,LNA/deoxy,0?1?2?11?12?15/else,phosphorothioate,else,0.49928504
181,Region B,GTTACTGCCTTCTTAC,4?7?8?11?15/else,LNA/deoxy,0?1?2?11?13?14?15/else,phosphorothioate,else,0.45723152
103,Region B,GTTACTGCCTTCTTAC,4?7?8?11?15/else,LNA/deoxy,0?1?2?11?13?15/else,phosphorothioate,else,0.49965096
104,Region B,GTTACTGCCTTCTTAC,4?7?8?11?15/else,LNA/deoxy,0?1?2?11?14?15/else,phosphorothioate,else,0.53833675
39,Region B,GTTACTGCCTTCTTAC,4?7?8?11?15/else,LNA/deoxy,0?1?2?11?15/else,phosphorothioate,else,0.49593958
182,Region B,GTTACTGCCTTCTTAC,4?7?8?11?15/else,LNA/deoxy,0?1?2?12?13?14?15/else,phosphorothioate,else,0.52037674
105,Region B,GTTACTGCCTTCTTAC,4?7?8?11?15/else,LNA/deoxy,0?1?2?12?13?15/else,phosphorothioate,else,0.5225578
106,Region B,GTTACTGCCTTCTTAC,4?7?8?11?15/else,LNA/deoxy,0?1?2?12?14?15/else,phosphorothioate,else,0.534465
40,Region B,GTTACTGCCTTCTTAC,4?7?8?11?15/else,LNA/deoxy,0?1?2?12?15/else,phosphorothioate,else,0.5081210999999999
107,Region B,GTTACTGCCTTCTTAC,4?7?8?11?15/else,LNA/deoxy,0?1?2?13?14?15/else,phosphorothioate,else,0.55023396
41,Region B,GTTACTGCCTTCTTAC,4?7?8?11?15/else,LNA/deoxy,0?1?2?13?15/else,phosphorothioate,else,0.5230127999999999
42,Region B,GTTACTGCCTTCTTAC,4?7?8?11?15/else,LNA/deoxy,0?1?2?14?15/else,phosphorothioate,else,0.4810867
9,Region B,GTTACTGCCTTCTTAC,4?7?8?11?15/else,LNA/deoxy,0?1?2?15/else,phosphorothioate,else,0.3868561
251,Region B,GTTACTGCCTTCTTAC,4?7?8?11?15/else,LNA/deoxy,0?1?2?3?11?12?13?14?15/else,phosphorothioate,else,0.3252159
225,Region B,GTTACTGCCTTCTTAC,4?7?8?11?15/else,LNA/deoxy,0?1?2?3?11?12?13?15/else,phosphorothioate,else,0.3433141
226,Region B,GTTACTGCCTTCTTAC,4?7?8?11?15/else,LNA/deoxy,0?1?2?3?11?12?14?15/else,phosphorothioate,else,0.38796717
167,Region B,GTTACTGCCTTCTTAC,4?7?8?11?15/else,LNA/deoxy,0?1?2?3?11?12?15/else,phosphorothioate,else,0.42394885
227,Region B,GTTACTGCCTTCTTAC,4?7?8?11?15/else,LNA/deoxy,0?1?2?3?11?13?14?15/else,phosphorothioate,else,0.42028558
168,Region B,GTTACTGCCTTCTTAC,4?7?8?11?15/else,LNA/deoxy,0?1?2?3?11?13?15/else,phosphorothioate,else,0.41358626
169,Region B,GTTACTGCCTTCTTAC,4?7?8?11?15/else,LNA/deoxy,0?1?2?3?11?14?15/else,phosphorothioate,else,0.48293322
94,Region B,GTTACTGCCTTCTTAC,4?7?8?11?15/else,LNA/deoxy,0?1?2?3?11?15/else,phosphorothioate,else,0.47845778
228,Region B,GTTACTGCCTTCTTAC,4?7?8?11?15/else,LNA/deoxy,0?1?2?3?12?13?14?15/else,phosphorothioate,else,0.45135385
170,Region B,GTTACTGCCTTCTTAC,4?7?8?11?15/else,LNA/deoxy,0?1?2?3?12?13?15/else,phosphorothioate,else,0.46225193
171,Region B,GTTACTGCCTTCTTAC,4?7?8?11?15/else,LNA/deoxy,0?1?2?3?12?14?15/else,phosphorothioate,else,0.48804685
95,Region B,GTTACTGCCTTCTTAC,4?7?8?11?15/else,LNA/deoxy,0?1?2?3?12?15/else,phosphorothioate,else,0.49427146
172,Region B,GTTACTGCCTTCTTAC,4?7?8?11?15/else,LNA/deoxy,0?1?2?3?13?14?15/else,phosphorothioate,else,0.55897135
96,Region B,GTTACTGCCTTCTTAC,4?7?8?11?15/else,LNA/deoxy,0?1?2?3?13?15/else,phosphorothioate,else,0.5448754
97,Region B,GTTACTGCCTTCTTAC,4?7?8?11?15/else,LNA/deoxy,0?1?2?3?14?15/else,phosphorothioate,else,0.5504114999999999
37,Region B,GTTACTGCCTTCTTAC,4?7?8?11?15/else,LNA/deoxy,0?1?2?3?15/else,phosphorothioate,else,0.50500673
255,Region B,GTTACTGCCTTCTTAC,4?7?8?11?15/else,LNA/deoxy,0?1?2?3?4?11?12?13?14?15/else,phosphorothioate,else,0.17587474
247,Region B,GTTACTGCCTTCTTAC,4?7?8?11?15/else,LNA/deoxy,0?1?2?3?4?11?12?13?15/else,phosphorothioate,else,0.19382061
248,Region B,GTTACTGCCTTCTTAC,4?7?8?11?15/else,LNA/deoxy,0?1?2?3?4?11?12?14?15/else,phosphorothioate,else,0.22576769
219,Region B,GTTACTGCCTTCTTAC,4?7?8?11?15/else,LNA/deoxy,0?1?2?3?4?11?12?15/else,phosphorothioate,else,0.26897734
249,Region B,GTTACTGCCTTCTTAC,4?7?8?11?15/else,LNA/deoxy,0?1?2?3?4?11?13?14?15/else,phosphorothioate,else,0.24229023
220,Region B,GTTACTGCCTTCTTAC,4?7?8?11?15/else,LNA/deoxy,0?1?2?3?4?11?13?15/else,phosphorothioate,else,0.25101697
221,Region B,GTTACTGCCTTCTTAC,4?7?8?11?15/else,LNA/deoxy,0?1?2?3?4?11?14?15/else,phosphorothioate,else,0.32064015
163,Region B,GTTACTGCCTTCTTAC,4?7?8?11?15/else,LNA/deoxy,0?1?2?3?4?11?15/else,phosphorothioate,else,0.34380263
250,Region B,GTTACTGCCTTCTTAC,4?7?8?11?15/else,LNA/deoxy,0?1?2?3?4?12?13?14?15/else,phosphorothioate,else,0.28903487
222,Region B,GTTACTGCCTTCTTAC,4?7?8?11?15/else,LNA/deoxy,0?1?2?3?4?12?13?15/else,phosphorothioate,else,0.30918962
223,Region B,GTTACTGCCTTCTTAC,4?7?8?11?15/else,LNA/deoxy,0?1?2?3?4?12?14?15/else,phosphorothioate,else,0.33592722
164,Region B,GTTACTGCCTTCTTAC,4?7?8?11?15/else,LNA/deoxy,0?1?2?3?4?12?15/else,phosphorothioate,else,0.36682433
224,Region B,GTTACTGCCTTCTTAC,4?7?8?11?15/else,LNA/deoxy,0?1?2?3?4?13?14?15/else,phosphorothioate,else,0.42935586
165,Region B,GTTACTGCCTTCTTAC,4?7?8?11?15/else,LNA/deoxy,0?1?2?3?4?13?15/else,phosphorothioate,else,0.42448044
166,Region B,GTTACTGCCTTCTTAC,4?7?8?11?15/else,LNA/deoxy,0?1?2?3?4?14?15/else,phosphorothioate,else,0.46528488
93,Region B,GTTACTGCCTTCTTAC,4?7?8?11?15/else,LNA/deoxy,0?1?2?3?4?15/else,phosphorothioate,else,0.45593953
252,Region B,GTTACTGCCTTCTTAC,4?7?8?11?15/else,LNA/deoxy,0?1?2?4?11?12?13?14?15/else,phosphorothioate,else,0.21437354
229,Region B,GTTACTGCCTTCTTAC,4?7?8?11?15/else,LNA/deoxy,0?1?2?4?11?12?13?15/else,phosphorothioate,else,0.22134869
230,Region B,GTTACTGCCTTCTTAC,4?7?8?11?15/else,LNA/deoxy,0?1?2?4?11?12?14?15/else,phosphorothioate,else,0.25857294
173,Region B,GTTACTGCCTTCTTAC,4?7?8?11?15/else,LNA/deoxy,0?1?2?4?11?12?15/else,phosphorothioate,else,0.2879522
231,Region B,GTTACTGCCTTCTTAC,4?7?8?11?15/else,LNA/deoxy,0?1?2?4?11?13?14?15/else,phosphorothioate,else,0.28547009999999995
174,Region B,GTTACTGCCTTCTTAC,4?7?8?11?15/else,LNA/deoxy,0?1?2?4?11?13?15/else,phosphorothioate,else,0.27272385
175,Region B,GTTACTGCCTTCTTAC,4?7?8?11?15/else,LNA/deoxy,0?1?2?4?11?14?15/else,phosphorothioate,else,0.35198027
98,Region B,GTTACTGCCTTCTTAC,4?7?8?11?15/else,LNA/deoxy,0?1?2?4?11?15/else,phosphorothioate,else,0.3517548
232,Region B,GTTACTGCCTTCTTAC,4?7?8?11?15/else,LNA/deoxy,0?1?2?4?12?13?14?15/else,phosphorothioate,else,0.34447998
176,Region B,GTTACTGCCTTCTTAC,4?7?8?11?15/else,LNA/deoxy,0?1?2?4?12?13?15/else,phosphorothioate,else,0.34574345
177,Region B,GTTACTGCCTTCTTAC,4?7?8?11?15/else,LNA/deoxy,0?1?2?4?12?14?15/else,phosphorothioate,else,0.37115577
99,Region B,GTTACTGCCTTCTTAC,4?7?8?11?15/else,LNA/deoxy,0?1?2?4?12?15/else,phosphorothioate,else,0.38133946
178,Region B,GTTACTGCCTTCTTAC,4?7?8?11?15/else,LNA/deoxy,0?1?2?4?13?14?15/else,phosphorothioate,else,0.48759875
100,Region B,GTTACTGCCTTCTTAC,4?7?8?11?15/else,LNA/deoxy,0?1?2?4?13?15/else,phosphorothioate,else,0.4625422000000001
101,Region B,GTTACTGCCTTCTTAC,4?7?8?11?15/else,LNA/deoxy,0?1?2?4?14?15/else,phosphorothioate,else,0.49538502
38,Region B,GTTACTGCCTTCTTAC,4?7?8?11?15/else,LNA/deoxy,0?1?2?4?15/else,phosphorothioate,else,0.46078107
238,Region B,GTTACTGCCTTCTTAC,4?7?8?11?15/else,LNA/deoxy,0?1?3?11?12?13?14?15/else,phosphorothioate,else,0.44077697
189,Region B,GTTACTGCCTTCTTAC,4?7?8?11?15/else,LNA/deoxy,0?1?3?11?12?13?15/else,phosphorothioate,else,0.44095862
190,Region B,GTTACTGCCTTCTTAC,4?7?8?11?15/else,LNA/deoxy,0?1?3?11?12?14?15/else,phosphorothioate,else,0.49708596
112,Region B,GTTACTGCCTTCTTAC,4?7?8?11?15/else,LNA/deoxy,0?1?3?11?12?15/else,phosphorothioate,else,0.5109914000000001
191,Region B,GTTACTGCCTTCTTAC,4?7?8?11?15/else,LNA/deoxy,0?1?3?11?13?14?15/else,phosphorothioate,else,0.52502054
113,Region B,GTTACTGCCTTCTTAC,4?7?8?11?15/else,LNA/deoxy,0?1?3?11?13?15/else,phosphorothioate,else,0.48892117
114,Region B,GTTACTGCCTTCTTAC,4?7?8?11?15/else,LNA/deoxy,0?1?3?11?14?15/else,phosphorothioate,else,0.5707905
44,Region B,GTTACTGCCTTCTTAC,4?7?8?11?15/else,LNA/deoxy,0?1?3?11?15/else,phosphorothioate,else,0.5335611
192,Region B,GTTACTGCCTTCTTAC,4?7?8?11?15/else,LNA/deoxy,0?1?3?12?13?14?15/else,phosphorothioate,else,0.5502296999999999
115,Region B,GTTACTGCCTTCTTAC,4?7?8?11?15/else,LNA/deoxy,0?1?3?12?13?15/else,phosphorothioate,else,0.5372665
116,Region B,GTTACTGCCTTCTTAC,4?7?8?11?15/else,LNA/deoxy,0?1?3?12?14?15/else,phosphorothioate,else,0.57452166
45,Region B,GTTACTGCCTTCTTAC,4?7?8?11?15/else,LNA/deoxy,0?1?3?12?15/else,phosphorothioate,else,0.54746556
117,Region B,GTTACTGCCTTCTTAC,4?7?8?11?15/else,LNA/deoxy,0?1?3?13?14?15/else,phosphorothioate,else,0.60331905
46,Region B,GTTACTGCCTTCTTAC,4?7?8?11?15/else,LNA/deoxy,0?1?3?13?15/else,phosphorothioate,else,0.55530816
47,Region B,GTTACTGCCTTCTTAC,4?7?8?11?15/else,LNA/deoxy,0?1?3?14?15/else,phosphorothioate,else,0.54939234
10,Region B,GTTACTGCCTTCTTAC,4?7?8?11?15/else,LNA/deoxy,0?1?3?15/else,phosphorothioate,else,0.47017673
253,Region B,GTTACTGCCTTCTTAC,4?7?8?11?15/else,LNA/deoxy,0?1?3?4?11?12?13?14?15/else,phosphorothioate,else,0.23883477
234,Region B,GTTACTGCCTTCTTAC,4?7?8?11?15/else,LNA/deoxy,0?1?3?4?11?12?13?15/else,phosphorothioate,else,0.271063
235,Region B,GTTACTGCCTTCTTAC,4?7?8?11?15/else,LNA/deoxy,0?1?3?4?11?12?14?15/else,phosphorothioate,else,0.30952173
183,Region B,GTTACTGCCTTCTTAC,4?7?8?11?15/else,LNA/deoxy,0?1?3?4?11?12?15/else,phosphorothioate,else,0.3526724
236,Region B,GTTACTGCCTTCTTAC,4?7?8?11?15/else,LNA/deoxy,0?1?3?4?11?13?14?15/else,phosphorothioate,else,0.3338126
184,Region B,GTTACTGCCTTCTTAC,4?7?8?11?15/else,LNA/deoxy,0?1?3?4?11?13?15/else,phosphorothioate,else,0.32574424
185,Region B,GTTACTGCCTTCTTAC,4?7?8?11?15/else,LNA/deoxy,0?1?3?4?11?14?15/else,phosphorothioate,else,0.4184065
108,Region B,GTTACTGCCTTCTTAC,4?7?8?11?15/else,LNA/deoxy,0?1?3?4?11?15/else,phosphorothioate,else,0.43468302
237,Region B,GTTACTGCCTTCTTAC,4?7?8?11?15/else,LNA/deoxy,0?1?3?4?12?13?14?15/else,phosphorothioate,else,0.40452504
186,Region B,GTTACTGCCTTCTTAC,4?7?8?11?15/else,LNA/deoxy,0?1?3?4?12?13?15/else,phosphorothioate,else,0.41009825
187,Region B,GTTACTGCCTTCTTAC,4?7?8?11?15/else,LNA/deoxy,0?1?3?4?12?14?15/else,phosphorothioate,else,0.44361824
109,Region B,GTTACTGCCTTCTTAC,4?7?8?11?15/else,LNA/deoxy,0?1?3?4?12?15/else,phosphorothioate,else,0.46038365
188,Region B,GTTACTGCCTTCTTAC,4?7?8?11?15/else,LNA/deoxy,0?1?3?4?13?14?15/else,phosphorothioate,else,0.5464783000000001
110,Region B,GTTACTGCCTTCTTAC,4?7?8?11?15/else,LNA/deoxy,0?1?3?4?13?15/else,phosphorothioate,else,0.5144880999999999
111,Region B,GTTACTGCCTTCTTAC,4?7?8?11?15/else,LNA/deoxy,0?1?3?4?14?15/else,phosphorothioate,else,0.55058545
43,Region B,GTTACTGCCTTCTTAC,4?7?8?11?15/else,LNA/deoxy,0?1?3?4?15/else,phosphorothioate,else,0.49974382
239,Region B,GTTACTGCCTTCTTAC,4?7?8?11?15/else,LNA/deoxy,0?1?4?11?12?13?14?15/else,phosphorothioate,else,0.32926306
193,Region B,GTTACTGCCTTCTTAC,4?7?8?11?15/else,LNA/deoxy,0?1?4?11?12?13?15/else,phosphorothioate,else,0.33021215
194,Region B,GTTACTGCCTTCTTAC,4?7?8?11?15/else,LNA/deoxy,0?1?4?11?12?14?15/else,phosphorothioate,else,0.3741119
118,Region B,GTTACTGCCTTCTTAC,4?7?8?11?15/else,LNA/deoxy,0?1?4?11?12?15/else,phosphorothioate,else,0.38798866
195,Region B,GTTACTGCCTTCTTAC,4?7?8?11?15/else,LNA/deoxy,0?1?4?11?13?14?15/else,phosphorothioate,else,0.4038714000000001
119,Region B,GTTACTGCCTTCTTAC,4?7?8?11?15/else,LNA/deoxy,0?1?4?11?13?15/else,phosphorothioate,else,0.3671894
120,Region B,GTTACTGCCTTCTTAC,4?7?8?11?15/else,LNA/deoxy,0?1?4?11?14?15/else,phosphorothioate,else,0.45123157
48,Region B,GTTACTGCCTTCTTAC,4?7?8?11?15/else,LNA/deoxy,0?1?4?11?15/else,phosphorothioate,else,0.4154435
196,Region B,GTTACTGCCTTCTTAC,4?7?8?11?15/else,LNA/deoxy,0?1?4?12?13?14?15/else,phosphorothioate,else,0.4459239
121,Region B,GTTACTGCCTTCTTAC,4?7?8?11?15/else,LNA/deoxy,0?1?4?12?13?15/else,phosphorothioate,else,0.42851254
122,Region B,GTTACTGCCTTCTTAC,4?7?8?11?15/else,LNA/deoxy,0?1?4?12?14?15/else,phosphorothioate,else,0.46197334
49,Region B,GTTACTGCCTTCTTAC,4?7?8?11?15/else,LNA/deoxy,0?1?4?12?15/else,phosphorothioate,else,0.43580884
123,Region B,GTTACTGCCTTCTTAC,4?7?8?11?15/else,LNA/deoxy,0?1?4?13?14?15/else,phosphorothioate,else,0.5237929
50,Region B,GTTACTGCCTTCTTAC,4?7?8?11?15/else,LNA/deoxy,0?1?4?13?15/else,phosphorothioate,else,0.4727456
51,Region B,GTTACTGCCTTCTTAC,4?7?8?11?15/else,LNA/deoxy,0?1?4?14?15/else,phosphorothioate,else,0.481238
11,Region B,GTTACTGCCTTCTTAC,4?7?8?11?15/else,LNA/deoxy,0?1?4?15/else,phosphorothioate,else,0.4123271
212,Region B,GTTACTGCCTTCTTAC,4?7?8?11?15/else,LNA/deoxy,0?2?11?12?13?14?15/else,phosphorothioate,else,0.48580474
144,Region B,GTTACTGCCTTCTTAC,4?7?8?11?15/else,LNA/deoxy,0?2?11?12?13?15/else,phosphorothioate,else,0.46114674
145,Region B,GTTACTGCCTTCTTAC,4?7?8?11?15/else,LNA/deoxy,0?2?11?12?14?15/else,phosphorothioate,else,0.521312
67,Region B,GTTACTGCCTTCTTAC,4?7?8?11?15/else,LNA/deoxy,0?2?11?12?15/else,phosphorothioate,else,0.49067032
146,Region B,GTTACTGCCTTCTTAC,4?7?8?11?15/else,LNA/deoxy,0?2?11?13?14?15/else,phosphorothioate,else,0.5699448
68,Region B,GTTACTGCCTTCTTAC,4?7?8?11?15/else,LNA/deoxy,0?2?11?13?15/else,phosphorothioate,else,0.49599555
69,Region B,GTTACTGCCTTCTTAC,4?7?8?11?15/else,LNA/deoxy,0?2?11?14?15/else,phosphorothioate,else,0.54218996
18,Region B,GTTACTGCCTTCTTAC,4?7?8?11?15/else,LNA/deoxy,0?2?11?15/else,phosphorothioate,else,0.4608626
147,Region B,GTTACTGCCTTCTTAC,4?7?8?11?15/else,LNA/deoxy,0?2?12?13?14?15/else,phosphorothioate,else,0.5440173
70,Region B,GTTACTGCCTTCTTAC,4?7?8?11?15/else,LNA/deoxy,0?2?12?13?15/else,phosphorothioate,else,0.51341015
71,Region B,GTTACTGCCTTCTTAC,4?7?8?11?15/else,LNA/deoxy,0?2?12?14?15/else,phosphorothioate,else,0.5352458999999999
19,Region B,GTTACTGCCTTCTTAC,4?7?8?11?15/else,LNA/deoxy,0?2?12?15/else,phosphorothioate,else,0.47619623
72,Region B,GTTACTGCCTTCTTAC,4?7?8?11?15/else,LNA/deoxy,0?2?13?14?15/else,phosphorothioate,else,0.53117234
20,Region B,GTTACTGCCTTCTTAC,4?7?8?11?15/else,LNA/deoxy,0?2?13?15/else,phosphorothioate,else,0.4781334
21,Region B,GTTACTGCCTTCTTAC,4?7?8?11?15/else,LNA/deoxy,0?2?14?15/else,phosphorothioate,else,0.43935508
2,Region B,GTTACTGCCTTCTTAC,4?7?8?11?15/else,LNA/deoxy,0?2?15/else,phosphorothioate,else,0.33653390000000005
244,Region B,GTTACTGCCTTCTTAC,4?7?8?11?15/else,LNA/deoxy,0?2?3?11?12?13?14?15/else,phosphorothioate,else,0.40542397
204,Region B,GTTACTGCCTTCTTAC,4?7?8?11?15/else,LNA/deoxy,0?2?3?11?12?13?15/else,phosphorothioate,else,0.40006536
205,Region B,GTTACTGCCTTCTTAC,4?7?8?11?15/else,LNA/deoxy,0?2?3?11?12?14?15/else,phosphorothioate,else,0.4521755
132,Region B,GTTACTGCCTTCTTAC,4?7?8?11?15/else,LNA/deoxy,0?2?3?11?12?15/else,phosphorothioate,else,0.46048564
206,Region B,GTTACTGCCTTCTTAC,4?7?8?11?15/else,LNA/deoxy,0?2?3?11?13?14?15/else,phosphorothioate,else,0.4932887
133,Region B,GTTACTGCCTTCTTAC,4?7?8?11?15/else,LNA/deoxy,0?2?3?11?13?15/else,phosphorothioate,else,0.4527662
134,Region B,GTTACTGCCTTCTTAC,4?7?8?11?15/else,LNA/deoxy,0?2?3?11?14?15/else,phosphorothioate,else,0.532888
59,Region B,GTTACTGCCTTCTTAC,4?7?8?11?15/else,LNA/deoxy,0?2?3?11?15/else,phosphorothioate,else,0.49758983
207,Region B,GTTACTGCCTTCTTAC,4?7?8?11?15/else,LNA/deoxy,0?2?3?12?13?14?15/else,phosphorothioate,else,0.5276518
135,Region B,GTTACTGCCTTCTTAC,4?7?8?11?15/else,LNA/deoxy,0?2?3?12?13?15/else,phosphorothioate,else,0.5100507000000001
136,Region B,GTTACTGCCTTCTTAC,4?7?8?11?15/else,LNA/deoxy,0?2?3?12?14?15/else,phosphorothioate,else,0.5429515
60,Region B,GTTACTGCCTTCTTAC,4?7?8?11?15/else,LNA/deoxy,0?2?3?12?15/else,phosphorothioate,else,0.5175563
137,Region B,GTTACTGCCTTCTTAC,4?7?8?11?15/else,LNA/deoxy,0?2?3?13?14?15/else,phosphorothioate,else,0.6024406
61,Region B,GTTACTGCCTTCTTAC,4?7?8?11?15/else,LNA/deoxy,0?2?3?13?15/else,phosphorothioate,else,0.5572628000000001
62,Region B,GTTACTGCCTTCTTAC,4?7?8?11?15/else,LNA/deoxy,0?2?3?14?15/else,phosphorothioate,else,0.5646043000000001
16,Region B,GTTACTGCCTTCTTAC,4?7?8?11?15/else,LNA/deoxy,0?2?3?15/else,phosphorothioate,else,0.50008345
254,Region B,GTTACTGCCTTCTTAC,4?7?8?11?15/else,LNA/deoxy,0?2?3?4?11?12?13?14?15/else,phosphorothioate,else,0.2277773
240,Region B,GTTACTGCCTTCTTAC,4?7?8?11?15/else,LNA/deoxy,0?2?3?4?11?12?13?15/else,phosphorothioate,else,0.23703384
241,Region B,GTTACTGCCTTCTTAC,4?7?8?11?15/else,LNA/deoxy,0?2?3?4?11?12?14?15/else,phosphorothioate,else,0.27445284
198,Region B,GTTACTGCCTTCTTAC,4?7?8?11?15/else,LNA/deoxy,0?2?3?4?11?12?15/else,phosphorothioate,else,0.3020151
242,Region B,GTTACTGCCTTCTTAC,4?7?8?11?15/else,LNA/deoxy,0?2?3?4?11?13?14?15/else,phosphorothioate,else,0.30128253
199,Region B,GTTACTGCCTTCTTAC,4?7?8?11?15/else,LNA/deoxy,0?2?3?4?11?13?15/else,phosphorothioate,else,0.29073548
200,Region B,GTTACTGCCTTCTTAC,4?7?8?11?15/else,LNA/deoxy,0?2?3?4?11?14?15/else,phosphorothioate,else,0.36831436
128,Region B,GTTACTGCCTTCTTAC,4?7?8?11?15/else,LNA/deoxy,0?2?3?4?11?15/else,phosphorothioate,else,0.3792247
243,Region B,GTTACTGCCTTCTTAC,4?7?8?11?15/else,LNA/deoxy,0?2?3?4?12?13?14?15/else,phosphorothioate,else,0.34871787
201,Region B,GTTACTGCCTTCTTAC,4?7?8?11?15/else,LNA/deoxy,0?2?3?4?12?13?15/else,phosphorothioate,else,0.34849575
202,Region B,GTTACTGCCTTCTTAC,4?7?8?11?15/else,LNA/deoxy,0?2?3?4?12?14?15/else,phosphorothioate,else,0.34548488
129,Region B,GTTACTGCCTTCTTAC,4?7?8?11?15/else,LNA/deoxy,0?2?3?4?12?15/else,phosphorothioate,else,0.4077462
203,Region B,GTTACTGCCTTCTTAC,4?7?8?11?15/else,LNA/deoxy,0?2?3?4?13?14?15/else,phosphorothioate,else,0.5016437
130,Region B,GTTACTGCCTTCTTAC,4?7?8?11?15/else,LNA/deoxy,0?2?3?4?13?15/else,phosphorothioate,else,0.46609265
131,Region B,GTTACTGCCTTCTTAC,4?7?8?11?15/else,LNA/deoxy,0?2?3?4?14?15/else,phosphorothioate,else,0.5082965
58,Region B,GTTACTGCCTTCTTAC,4?7?8?11?15/else,LNA/deoxy,0?2?3?4?15/else,phosphorothioate,else,0.47362685
245,Region B,GTTACTGCCTTCTTAC,4?7?8?11?15/else,LNA/deoxy,0?2?4?11?12?13?14?15/else,phosphorothioate,else,0.25936747
208,Region B,GTTACTGCCTTCTTAC,4?7?8?11?15/else,LNA/deoxy,0?2?4?11?12?13?15/else,phosphorothioate,else,0.24879444
209,Region B,GTTACTGCCTTCTTAC,4?7?8?11?15/else,LNA/deoxy,0?2?4?11?12?14?15/else,phosphorothioate,else,0.28793308
138,Region B,GTTACTGCCTTCTTAC,4?7?8?11?15/else,LNA/deoxy,0?2?4?11?12?15/else,phosphorothioate,else,0.29517150000000003
210,Region B,GTTACTGCCTTCTTAC,4?7?8?11?15/else,LNA/deoxy,0?2?4?11?13?14?15/else,phosphorothioate,else,0.3257474
139,Region B,GTTACTGCCTTCTTAC,4?7?8?11?15/else,LNA/deoxy,0?2?4?11?13?15/else,phosphorothioate,else,0.2852824
140,Region B,GTTACTGCCTTCTTAC,4?7?8?11?15/else,LNA/deoxy,0?2?4?11?14?15/else,phosphorothioate,else,0.37096572
63,Region B,GTTACTGCCTTCTTAC,4?7?8?11?15/else,LNA/deoxy,0?2?4?11?15/else,phosphorothioate,else,0.34335968
211,Region B,GTTACTGCCTTCTTAC,4?7?8?11?15/else,LNA/deoxy,0?2?4?12?13?14?15/else,phosphorothioate,else,0.39645305
141,Region B,GTTACTGCCTTCTTAC,4?7?8?11?15/else,LNA/deoxy,0?2?4?12?13?15/else,phosphorothioate,else,0.37053862
142,Region B,GTTACTGCCTTCTTAC,4?7?8?11?15/else,LNA/deoxy,0?2?4?12?14?15/else,phosphorothioate,else,0.3950748
64,Region B,GTTACTGCCTTCTTAC,4?7?8?11?15/else,LNA/deoxy,0?2?4?12?15/else,phosphorothioate,else,0.37633616
143,Region B,GTTACTGCCTTCTTAC,4?7?8?11?15/else,LNA/deoxy,0?2?4?13?14?15/else,phosphorothioate,else,0.51766986
65,Region B,GTTACTGCCTTCTTAC,4?7?8?11?15/else,LNA/deoxy,0?2?4?13?15/else,phosphorothioate,else,0.45647877
66,Region B,GTTACTGCCTTCTTAC,4?7?8?11?15/else,LNA/deoxy,0?2?4?14?15/else,phosphorothioate,else,0.48760384
17,Region B,GTTACTGCCTTCTTAC,4?7?8?11?15/else,LNA/deoxy,0?2?4?15/else,phosphorothioate,else,0.4267872
217,Region B,GTTACTGCCTTCTTAC,4?7?8?11?15/else,LNA/deoxy,0?3?11?12?13?14?15/else,phosphorothioate,else,0.51691663
154,Region B,GTTACTGCCTTCTTAC,4?7?8?11?15/else,LNA/deoxy,0?3?11?12?13?15/else,phosphorothioate,else,0.47977865
155,Region B,GTTACTGCCTTCTTAC,4?7?8?11?15/else,LNA/deoxy,0?3?11?12?14?15/else,phosphorothioate,else,0.5449162
77,Region B,GTTACTGCCTTCTTAC,4?7?8?11?15/else,LNA/deoxy,0?3?11?12?15/else,phosphorothioate,else,0.50375295
156,Region B,GTTACTGCCTTCTTAC,4?7?8?11?15/else,LNA/deoxy,0?3?11?13?14?15/else,phosphorothioate,else,0.5834796
78,Region B,GTTACTGCCTTCTTAC,4?7?8?11?15/else,LNA/deoxy,0?3?11?13?15/else,phosphorothioate,else,0.50278884
79,Region B,GTTACTGCCTTCTTAC,4?7?8?11?15/else,LNA/deoxy,0?3?11?14?15/else,phosphorothioate,else,0.5842556999999999
23,Region B,GTTACTGCCTTCTTAC,4?7?8?11?15/else,LNA/deoxy,0?3?11?15/else,phosphorothioate,else,0.4972499
157,Region B,GTTACTGCCTTCTTAC,4?7?8?11?15/else,LNA/deoxy,0?3?12?13?14?15/else,phosphorothioate,else,0.60114056
80,Region B,GTTACTGCCTTCTTAC,4?7?8?11?15/else,LNA/deoxy,0?3?12?13?15/else,phosphorothioate,else,0.5525194
81,Region B,GTTACTGCCTTCTTAC,4?7?8?11?15/else,LNA/deoxy,0?3?12?14?15/else,phosphorothioate,else,0.591641
24,Region B,GTTACTGCCTTCTTAC,4?7?8?11?15/else,LNA/deoxy,0?3?12?15/else,phosphorothioate,else,0.51890844
82,Region B,GTTACTGCCTTCTTAC,4?7?8?11?15/else,LNA/deoxy,0?3?13?14?15/else,phosphorothioate,else,0.61864257
25,Region B,GTTACTGCCTTCTTAC,4?7?8?11?15/else,LNA/deoxy,0?3?13?15/else,phosphorothioate,else,0.54022783
26,Region B,GTTACTGCCTTCTTAC,4?7?8?11?15/else,LNA/deoxy,0?3?14?15/else,phosphorothioate,else,0.53557396
3,Region B,GTTACTGCCTTCTTAC,4?7?8?11?15/else,LNA/deoxy,0?3?15/else,phosphorothioate,else,0.4282078
246,Region B,GTTACTGCCTTCTTAC,4?7?8?11?15/else,LNA/deoxy,0?3?4?11?12?13?14?15/else,phosphorothioate,else,0.36302823
213,Region B,GTTACTGCCTTCTTAC,4?7?8?11?15/else,LNA/deoxy,0?3?4?11?12?13?15/else,phosphorothioate,else,0.34864366
214,Region B,GTTACTGCCTTCTTAC,4?7?8?11?15/else,LNA/deoxy,0?3?4?11?12?14?15/else,phosphorothioate,else,0.3999942
148,Region B,GTTACTGCCTTCTTAC,4?7?8?11?15/else,LNA/deoxy,0?3?4?11?12?15/else,phosphorothioate,else,0.40218946
215,Region B,GTTACTGCCTTCTTAC,4?7?8?11?15/else,LNA/deoxy,0?3?4?11?13?14?15/else,phosphorothioate,else,0.43913776
149,Region B,GTTACTGCCTTCTTAC,4?7?8?11?15/else,LNA/deoxy,0?3?4?11?13?15/else,phosphorothioate,else,0.3883738
150,Region B,GTTACTGCCTTCTTAC,4?7?8?11?15/else,LNA/deoxy,0?3?4?11?14?15/else,phosphorothioate,else,0.4938015000000001
73,Region B,GTTACTGCCTTCTTAC,4?7?8?11?15/else,LNA/deoxy,0?3?4?11?15/else,phosphorothioate,else,0.4544212
216,Region B,GTTACTGCCTTCTTAC,4?7?8?11?15/else,LNA/deoxy,0?3?4?12?13?14?15/else,phosphorothioate,else,0.5159942
151,Region B,GTTACTGCCTTCTTAC,4?7?8?11?15/else,LNA/deoxy,0?3?4?12?13?15/else,phosphorothioate,else,0.48425326
152,Region B,GTTACTGCCTTCTTAC,4?7?8?11?15/else,LNA/deoxy,0?3?4?12?14?15/else,phosphorothioate,else,0.5231610999999999
74,Region B,GTTACTGCCTTCTTAC,4?7?8?11?15/else,LNA/deoxy,0?3?4?12?15/else,phosphorothioate,else,0.48765668
153,Region B,GTTACTGCCTTCTTAC,4?7?8?11?15/else,LNA/deoxy,0?3?4?13?14?15/else,phosphorothioate,else,0.62764573
75,Region B,GTTACTGCCTTCTTAC,4?7?8?11?15/else,LNA/deoxy,0?3?4?13?15/else,phosphorothioate,else,0.55575824
76,Region B,GTTACTGCCTTCTTAC,4?7?8?11?15/else,LNA/deoxy,0?3?4?14?15/else,phosphorothioate,else,0.5951974
22,Region B,GTTACTGCCTTCTTAC,4?7?8?11?15/else,LNA/deoxy,0?3?4?15/else,phosphorothioate,else,0.5287215000000001
218,Region B,GTTACTGCCTTCTTAC,4?7?8?11?15/else,LNA/deoxy,0?4?11?12?13?14?15/else,phosphorothioate,else,0.41263574
158,Region B,GTTACTGCCTTCTTAC,4?7?8?11?15/else,LNA/deoxy,0?4?11?12?13?15/else,phosphorothioate,else,0.34885752
159,Region B,GTTACTGCCTTCTTAC,4?7?8?11?15/else,LNA/deoxy,0?4?11?12?14?15/else,phosphorothioate,else,0.39552802
83,Region B,GTTACTGCCTTCTTAC,4?7?8?11?15/else,LNA/deoxy,0?4?11?12?15/else,phosphorothioate,else,0.3983827
160,Region B,GTTACTGCCTTCTTAC,4?7?8?11?15/else,LNA/deoxy,0?4?11?13?14?15/else,phosphorothioate,else,0.4814063
84,Region B,GTTACTGCCTTCTTAC,4?7?8?11?15/else,LNA/deoxy,0?4?11?13?15/else,phosphorothioate,else,0.39731398
85,Region B,GTTACTGCCTTCTTAC,4?7?8?11?15/else,LNA/deoxy,0?4?11?14?15/else,phosphorothioate,else,0.48691198
27,Region B,GTTACTGCCTTCTTAC,4?7?8?11?15/else,LNA/deoxy,0?4?11?15/else,phosphorothioate,else,0.3957659
161,Region B,GTTACTGCCTTCTTAC,4?7?8?11?15/else,LNA/deoxy,0?4?12?13?14?15/else,phosphorothioate,else,0.5178952
86,Region B,GTTACTGCCTTCTTAC,4?7?8?11?15/else,LNA/deoxy,0?4?12?13?15/else,phosphorothioate,else,0.46378976
87,Region B,GTTACTGCCTTCTTAC,4?7?8?11?15/else,LNA/deoxy,0?4?12?14?15/else,phosphorothioate,else,0.49999344
28,Region B,GTTACTGCCTTCTTAC,4?7?8?11?15/else,LNA/deoxy,0?4?12?15/else,phosphorothioate,else,0.426729
88,Region B,GTTACTGCCTTCTTAC,4?7?8?11?15/else,LNA/deoxy,0?4?13?14?15/else,phosphorothioate,else,0.5491938000000001
29,Region B,GTTACTGCCTTCTTAC,4?7?8?11?15/else,LNA/deoxy,0?4?13?15/else,phosphorothioate,else,0.46751842
30,Region B,GTTACTGCCTTCTTAC,4?7?8?11?15/else,LNA/deoxy,0?4?14?15/else,phosphorothioate,else,0.46621612
4,Region B,GTTACTGCCTTCTTAC,4?7?8?11?15/else,LNA/deoxy,0?4?15/else,phosphorothioate,else,0.36137328
